dim,filtration_a,filtration_b,duration_all,duration_eigs,duration_L,duration_L_up,duration_L_down,duration_sum_up_down,L_rows,betti,lambda
0,0,1.516,0,0,0,0,0,0,130,129,4
1,0,1.516,0,0,0,0,0,0,0,0,0
2,0,1.516,0,0,0,0,0,0,0,0,0
0,1.516,1.519,0,0,0,0,0,0,130,128,2
1,1.516,1.519,0,0,0,0,0,0,2,1,4
2,1.516,1.519,0,0,0,0,0,0,0,0,0
0,1.519,1.539,0,0,0,0,0,0,130,127,1.17157
1,1.519,1.539,0,0,0,0,0,0,4,2,2
2,1.519,1.539,0,0,0,0,0,0,0,0,0
0,1.539,3.293,0,0,0,0,0,0,130,126,1.17157
1,1.539,3.293,0,0,0,0,0,0,6,3,1.17157
2,1.539,3.293,0,0,0,0,0,0,0,0,0
0,3.293,3.337,0,0,0,0,0,0,130,125,1.17157
1,3.293,3.337,0,0,0,0,0,0,7,3,1.17157
2,3.293,3.337,0,0,0,0,0,0,0,0,0
0,3.337,3.428,0,0,0,0,0,0,130,124,1.03761
1,3.337,3.428,0,0,0,0,0,0,9,4,1.17157
2,3.337,3.428,0,0,0,0,0,0,0,0,0
0,3.428,3.459,0,0,0,0,0,0,130,123,0.657077
1,3.428,3.459,0,0,0,0,0,0,11,5,1.03761
2,3.428,3.459,0,0,0,0,0,0,0,0,0
0,3.459,3.51,0,0,0,0,0,0,130,122,0.492097
1,3.459,3.51,0,0,0,0,0,0,12,5,0.657077
2,3.459,3.51,0,0,0,0,0,0,0,0,0
0,3.51,3.575,0,0,0,0,0,0,130,121,0.415774
1,3.51,3.575,0,0,0,0,0,0,14,6,0.492098
2,3.51,3.575,0,0,0,0,0,0,0,0,0
0,3.575,3.593,0,0,0,0,0,0,130,120,0.415775
1,3.575,3.593,0,0,0,0,0,0,15,6,0.415775
2,3.575,3.593,0,0,0,0,0,0,0,0,0
0,3.593,3.608,0,0,0,0,0,0,130,119,0.350031
1,3.593,3.608,0,0,0,0,0,0,16,6,0.415775
2,3.593,3.608,0,0,0,0,0,0,0,0,0
0,3.608,3.625,0,0,0,0,0,0,130,118,0.310791
1,3.608,3.625,0,0,0,0,0,0,18,7,0.350032
2,3.608,3.625,0,0,0,0,0,0,0,0,0
0,3.625,3.698,0,0,0,0,0,0,130,117,0.310791
1,3.625,3.698,0,0,0,0,0,0,19,7,0.310792
2,3.625,3.698,0,0,0,0,0,0,0,0,0
0,3.698,3.71,0,0,0,0,0,0,130,116,0.286688
1,3.698,3.71,0,0,0,0,0,0,21,8,0.310791
2,3.698,3.71,0,0,0,0,0,0,0,0,0
0,3.71,3.718,0,0,0,0,0,0,130,115,0.270275
1,3.71,3.718,0,0,0,0,0,0,22,8,0.286689
2,3.71,3.718,0,0,0,0,0,0,0,0,0
0,3.718,3.728,0,0,0,0,0,0,130,114,0.270275
1,3.718,3.728,0,0,0,0,0,0,23,8,0.270275
2,3.718,3.728,0,0,0,0,0,0,0,0,0
0,3.728,3.737,0,0,0,0,0,0,130,113,0.232944
1,3.728,3.737,0,0,0,0,0,0,25,9,0.270275
2,3.728,3.737,0,0,0,0,0,0,0,0,0
0,3.737,3.771,0,0,0,0,0,0,130,112,0.232945
1,3.737,3.771,0,0,0,0,0,0,27,10,0.232944
2,3.737,3.771,0,0,0,0,0,0,0,0,0
0,3.771,3.788,0,0,0,0,0,0,130,111,0.209188
1,3.771,3.788,0,0,0,0,0,0,29,11,0.232945
2,3.771,3.788,0,0,0,0,0,0,0,0,0
0,3.788,3.814,0,0,0,0,0,0,130,109,0.0940523
1,3.788,3.814,0,0,0,0,0,0,31,12,0.209189
2,3.788,3.814,0,0,0,0,0,0,0,0,0
0,3.814,3.818,0,0,0,0,0,0,130,108,0.0895111
1,3.814,3.818,0,0,0,0,0,0,35,14,0.0940531
2,3.814,3.818,0,0,0,0,0,0,0,0,0
0,3.818,3.823,0,0,0,0,0,0,130,107,0.0894207
1,3.818,3.823,0,0,0,0,0,0,37,15,0.0895112
2,3.818,3.823,0,0,0,0,0,0,0,0,0
0,3.823,3.867,0,0,0,0,0,0,130,105,0.0804356
1,3.823,3.867,0,0,0,0,0,0,39,16,0.0894211
2,3.823,3.867,0,0,0,0,0,0,0,0,0
0,3.867,3.876,0,0,0,0,0,0,130,104,0.0804354
1,3.867,3.876,0,0,0,0,0,0,42,17,0.0804357
2,3.867,3.876,0,0,0,0,0,0,0,0,0
0,3.876,3.918,0,0,0,0,0,0,130,103,0.0779273
1,3.876,3.918,0,0,0,0,0,0,43,17,0.0804355
2,3.876,3.918,0,0,0,0,0,0,0,0,0
0,3.918,3.922,0,0,0,0,0,0,130,102,0.0779273
1,3.918,3.922,0,0,0,0,0,0,45,18,0.0779275
2,3.918,3.922,0,0,0,0,0,0,0,0,0
0,3.922,3.93,0,0,0,0,0,0,130,102,0.162312
1,3.922,3.93,0,0,0,0,0,0,46,18,0.0779272
2,3.922,3.93,0,0,0,0,0,0,0,0,0
0,3.93,3.938,0,0,0,0,0,0,130,101,0.162313
1,3.93,3.938,0,0,0,0,0,0,47,19,0.162313
2,3.93,3.938,0,0,0,0,0,0,0,0,0
0,3.938,3.947,0,0,0,0,0,0,130,101,0.171854
1,3.938,3.947,0,0,0,0,0,0,48,19,0.162312
2,3.938,3.947,0,0,0,0,0,0,0,0,0
0,3.947,3.951,0,0,0,0,0,0,130,100,0.171228
1,3.947,3.951,0,0,0,0,0,0,49,20,0.171855
2,3.947,3.951,0,0,0,0,0,0,0,0,0
0,3.951,4.046,0,0,0,0,0,0,130,100,0.196705
1,3.951,4.046,0,0,0,0,0,0,51,21,0.171228
2,3.951,4.046,0,0,0,0,0,0,0,0,0
0,4.046,4.104,0,0,0,0,0,0,130,99,0.134237
1,4.046,4.104,0,0,0,0,0,0,52,22,0.196705
2,4.046,4.104,0,0,0,0,0,0,0,0,0
0,4.104,4.114,0,0,0,0,0,0,130,99,0.137811
1,4.104,4.114,0,0,0,0,0,0,54,23,0.134236
2,4.104,4.114,0,0,0,0,0,0,0,0,0
0,4.114,4.143,0,0,0,0,0,0,130,99,0.138077
1,4.114,4.143,0,0,0,0,0,0,56,23,0.13781
2,4.114,4.143,0,0,0,0,0,0,0,0,0
0,4.143,4.146,0,0,0,0,0,0,130,98,0.138073
1,4.143,4.146,0,0,0,0,0,0,58,23,0.138078
2,4.143,4.146,0,0,0,0,0,0,6,2,1
0,4.146,4.151,0,0,0,0,0,0,130,98,0.138229
1,4.146,4.151,0,0,0,0,0,0,60,24,0.138074
2,4.146,4.151,0,0,0,0,0,0,6,2,1
0,4.151,4.182,0,0,0,0,0,0,130,97,0.136674
1,4.151,4.182,0,0,0,0,0,0,61,25,0.13823
2,4.151,4.182,0,0,0,0,0,0,6,2,1
0,4.182,4.191,0,0,0,0,0,0,130,97,0.141413
1,4.182,4.191,0,0,0,0,0,0,63,26,0.136674
2,4.182,4.191,0,0,0,0,0,0,6,2,1
0,4.191,4.194,0,0,0,0,0,0,130,96,0.141402
1,4.191,4.194,0,0,0,0,0,0,65,28,0.141413
2,4.191,4.194,0,0,0,0,0,0,6,2,1
0,4.194,4.227,0,0,0,0,0,0,130,95,0.13997
1,4.194,4.227,0,0,0,0,0,0,67,29,0.141401
2,4.194,4.227,0,0,0,0,0,0,6,2,1
0,4.227,4.233,0,0,0,0,0,0,130,94,0.139683
1,4.227,4.233,0,0,0,0,0,0,69,30,0.13997
2,4.227,4.233,0,0,0,0,0,0,6,2,1
0,4.233,4.242,0,0,0,0,0,0,130,94,0.140736
1,4.233,4.242,0,0,0,0,0,0,71,31,0.139682
2,4.233,4.242,0,0,0,0,0,0,6,2,1
0,4.242,4.245,0,0,0,0,0,0,130,94,0.140867
1,4.242,4.245,0,0,0,0,0,0,73,33,0.140736
2,4.242,4.245,0,0,0,0,0,0,6,2,1
0,4.245,4.254,0,0,0,0,0,0,130,94,0.14177
1,4.245,4.254,0,0,0,0,0,0,75,35,0.140868
2,4.245,4.254,0,0,0,0,0,0,6,2,1
0,4.254,4.26,0,0,0,0,0,0,130,93,0.142311
1,4.254,4.26,0,0,0,0,0,0,77,33,0.14177
2,4.254,4.26,0,0,0,0,0,0,6,2,1
0,4.26,4.298,0,0,0,0,0,0,130,93,0.14232
1,4.26,4.298,0,0,0,0,0,0,81,33,0.142312
2,4.26,4.298,0,0,0,0,0,0,18,8,1.23844
0,4.298,4.302,0,0,0,0,0,0,130,92,0.1423
1,4.298,4.302,0,0,0,0,0,0,83,33,0.14232
2,4.298,4.302,0,0,0,0,0,0,24,11,1.27295
0,4.302,4.315,0,0,0,0,0,0,130,92,0.14837
1,4.302,4.315,0,0,0,0,0,0,85,34,0.142301
2,4.302,4.315,0,0,0,0,0,0,24,11,1.27295
0,4.315,4.323,0,0,0,0,0,0,130,92,0.149167
1,4.315,4.323,0,0,0,0,0,0,87,36,0.148372
2,4.315,4.323,0,0,0,0,0,0,24,11,1.27295
0,4.323,4.325,0,0,0,0,0,0,130,92,0.149479
1,4.323,4.325,0,0,0,0,0,0,89,38,0.149168
2,4.323,4.325,0,0,0,0,0,0,24,11,1.27295
0,4.325,4.327,0,0,0,0,0,0,130,91,0.148735
1,4.325,4.327,0,0,0,0,0,0,91,40,0.149482
2,4.325,4.327,0,0,0,0,0,0,24,11,1.27295
0,4.327,4.328,0,0,0,0,0,0,130,91,0.23489
1,4.327,4.328,0,0,0,0,0,0,93,41,0.148733
2,4.327,4.328,0,0,0,0,0,0,24,11,1.27295
0,4.328,4.334,0,0,0,0,0,0,130,91,0.235438
1,4.328,4.334,0,0,0,0,0,0,94,42,0.23489
2,4.328,4.334,0,0,0,0,0,0,24,11,1.27295
0,4.334,4.337,0,0,0,0,0,0,130,91,0.242922
1,4.334,4.337,0,0,0,0,0,0,96,44,0.235438
2,4.334,4.337,0,0,0,0,0,0,24,11,1.27295
0,4.337,4.344,0,0,0,0,0,0,130,91,0.242926
1,4.337,4.344,0,0,0,0,0,0,98,46,0.242922
2,4.337,4.344,0,0,0,0,0,0,24,11,1.27295
0,4.344,4.345,0,0,0,0,0,0,130,91,0.252053
1,4.344,4.345,0,0,0,0,0,0,99,47,0.242926
2,4.344,4.345,0,0,0,0,0,0,24,11,1.27295
0,4.345,4.358,0,0,0,0,0,0,130,91,0.253999
1,4.345,4.358,0,0,0,0,0,0,101,49,0.252052
2,4.345,4.358,0,0,0,0,0,0,24,11,1.27295
0,4.358,4.364,0,0,0,0,0,0,130,90,0.219268
1,4.358,4.364,0,0,0,0,0,0,102,50,0.253997
2,4.358,4.364,0,0,0,0,0,0,24,11,1.27295
0,4.364,4.377,0,0,0,0,0,0,130,90,0.220836
1,4.364,4.377,0,0,0,0,0,0,103,50,0.219268
2,4.364,4.377,0,0,0,0,0,0,24,11,1.27295
0,4.377,4.386,0,0,0,0,0,0,130,90,0.239613
1,4.377,4.386,0,0,0,0,0,0,105,51,0.220835
2,4.377,4.386,0,0,0,0,0,0,24,11,1.27295
0,4.386,4.398,0,0,0,0,0,0,130,90,0.253922
1,4.386,4.398,0,0,0,0,0,0,107,50,0.239615
2,4.386,4.398,0,0,0,0,0,0,30,14,1.287
0,4.398,4.405,0,0,0,0,0,0,130,90,0.258862
1,4.398,4.405,0,0,0,0,0,0,109,49,0.253922
2,4.398,4.405,0,0,0,0,0,0,36,17,1.29511
0,4.405,4.411,0,0,0,0,0,0,130,90,0.259148
1,4.405,4.411,0,0,0,0,0,0,111,48,0.258862
2,4.405,4.411,0,0,0,0,0,0,42,20,1.30264
0,4.411,4.416,0,0,0,0,0,0,130,90,0.261894
1,4.411,4.416,0,0,0,0,0,0,113,48,0.259149
2,4.411,4.416,0,0,0,0,0,0,48,23,1.30661
0,4.416,4.421,0,0,0,0,0,0,130,89,0.260003
1,4.416,4.421,0,0,0,0,0,0,115,50,0.261895
2,4.416,4.421,0,0,0,0,0,0,48,23,1.30661
0,4.421,4.465,0,0,0,0,0,0,130,89,0.331879
1,4.421,4.465,0,0,0,0,0,0,117,51,0.260005
2,4.421,4.465,0,0,0,0,0,0,48,23,1.30661
0,4.465,4.472,0,0,0,0,0,0,130,88,0.331028
1,4.465,4.472,0,0,0,0,0,0,118,52,0.331881
2,4.465,4.472,0,0,0,0,0,0,48,23,1.30661
0,4.472,4.486,0,0,0,0,0,0,130,88,0.40409
1,4.472,4.486,0,0,0,0,0,0,120,53,0.331027
2,4.472,4.486,0,0,0,0,0,0,48,23,1.30661
0,4.486,4.489,0,0,0,0,0,0,130,88,0.408972
1,4.486,4.489,0,0,0,0,0,0,124,57,0.404091
2,4.486,4.489,0,0,0,0,0,0,48,23,1.30661
0,4.489,4.507,0,0,0,0,0,0,130,88,0.409758
1,4.489,4.507,0,0,0,0,0,0,126,58,0.408971
2,4.489,4.507,0,0,0,0,0,0,48,23,1.30661
0,4.507,4.517,0,0,0,0,0,0,130,88,0.416205
1,4.507,4.517,0,0,0,0,0,0,128,55,0.409761
2,4.507,4.517,0,0,0,0,0,0,54,26,1.31038
0,4.517,4.523,0,0,0,0,0,0,130,88,0.433344
1,4.517,4.523,0,0,0,0,0,0,132,55,0.416207
2,4.517,4.523,0,0,0,0,0,0,72,37,1.39981
0,4.523,4.571,0,0,0,0,0,0,130,88,0.441087
1,4.523,4.571,0,0,0,0,0,0,134,54,0.433347
2,4.523,4.571,0,0,0,0,0,0,78,41,1.43933
0,4.571,4.577,0,0,0,0,0,0,130,88,0.489078
1,4.571,4.577,0,0,0,0,0,0,136,51,0.441092
2,4.571,4.577,0,0,0,0,0,0,84,44,1.42835
0,4.577,4.582,0,0,0,0,0,0,130,88,0.495247
1,4.577,4.582,0,0,0,0,0,0,139,52,0.489079
2,4.577,4.582,0,0,0,0,0,0,96,51,1.45193
0,4.582,4.588,0,0,0,0,0,0,130,88,0.500138
1,4.582,4.588,0,0,0,0,0,0,141,54,0.495249
2,4.582,4.588,0,0,0,0,0,0,96,51,1.45193
0,4.588,4.6,0,0,0,0,0,0,130,88,0.536061
1,4.588,4.6,0,0,0,0,0,0,143,56,0.500137
2,4.588,4.6,0,0,0,0,0,0,96,51,1.45193
0,4.6,4.622,0,0,0,0,0,0,130,88,0.543007
1,4.6,4.622,0,0,0,0,0,0,144,57,0.536061
2,4.6,4.622,0,0,0,0,0,0,96,51,1.45193
0,4.622,4.635,0,0,0,0,0,0,130,88,0.545194
1,4.622,4.635,0,0,0,0,0,0,146,58,0.543012
2,4.622,4.635,0,0,0,0,0,0,96,51,1.45193
0,4.635,4.636,0,0,0,0,0,0,130,88,0.550764
1,4.635,4.636,0,0,0,0,0,0,148,58,0.545195
2,4.635,4.636,0,0,0,0,0,0,102,54,1.44142
0,4.636,4.637,0,0,0,0,0,0,130,87,0.55076
1,4.636,4.637,0,0,0,0,0,0,150,60,0.550765
2,4.636,4.637,0,0,0,0,0,0,102,54,1.44142
0,4.637,4.638,0,0,0,0,0,0,130,86,0.536722
1,4.637,4.638,0,0,0,0,0,0,152,61,0.550766
2,4.637,4.638,0,0,0,0,0,0,102,54,1.44142
0,4.638,4.643,0,0,0,0,0,0,130,86,0.552723
1,4.638,4.643,0,0,0,0,0,0,153,61,0.536722
2,4.638,4.643,0,0,0,0,0,0,102,54,1.44142
0,4.643,4.644,0,0,0,0,0,0,130,86,0.564454
1,4.643,4.644,0,0,0,0,0,0,155,63,0.552726
2,4.643,4.644,0,0,0,0,0,0,102,54,1.44142
0,4.644,4.655,0,0,0,0,0,0,130,86,0.623859
1,4.644,4.655,0,0,0,0,0,0,156,64,0.564456
2,4.644,4.655,0,0,0,0,0,0,102,54,1.44142
0,4.655,4.666,0,0,0,0,0,0,130,86,0.624875
1,4.655,4.666,0,0,0,0,0,0,159,64,0.623861
2,4.655,4.666,0,0,0,0,0,0,102,54,1.44142
0,4.666,4.677,0,0,0,0,0,0,130,85,0.615488
1,4.666,4.677,0,0,0,0,0,0,161,64,0.624877
2,4.666,4.677,0,0,0,0,0,0,114,61,1.46
0,4.677,4.687,0,0,0,0,0,0,130,85,0.615838
1,4.677,4.687,0,0,0,0,0,0,163,65,0.615489
2,4.677,4.687,0,0,0,0,0,0,114,61,1.46
0,4.687,4.715,0,0,0,0,0,0,130,85,0.635094
1,4.687,4.715,0,0,0,0,0,0,164,66,0.61584
2,4.687,4.715,0,0,0,0,0,0,114,61,1.46
0,4.715,4.724,0,0,0,0,0,0,130,85,0.639525
1,4.715,4.724,0,0,0,0,0,0,165,67,0.635096
2,4.715,4.724,0,0,0,0,0,0,114,61,1.46
0,4.724,4.728,0,0,0,0,0,0,130,85,0.653511
1,4.724,4.728,0,0,0,0,0,0,166,68,0.639526
2,4.724,4.728,0,0,0,0,0,0,114,61,1.46
0,4.728,4.732,0,0,0,0,0,0,130,85,0.664679
1,4.728,4.732,0,0,0,0,0,0,168,70,0.653513
2,4.728,4.732,0,0,0,0,0,0,114,61,1.46
0,4.732,4.739,0,0,0,0,0,0,130,85,0.673734
1,4.732,4.739,0,0,0,0,0,0,170,72,0.664683
2,4.732,4.739,0,0,0,0,0,0,114,61,1.46
0,4.739,4.746,0,0,0,0,0,0,130,85,0.689242
1,4.739,4.746,0,0,0,0,0,0,172,74,0.673738
2,4.739,4.746,0,0,0,0,0,0,114,61,1.46
0,4.746,4.747,0,0,0,0,0,0,130,84,0.687011
1,4.746,4.747,0,0,0,0,0,0,174,74,0.689244
2,4.746,4.747,0,0,0,0,0,0,120,65,1.48751
0,4.747,4.749,0,0,0,0,0,0,130,84,0.698287
1,4.747,4.749,0,0,0,0,0,0,176,75,0.687013
2,4.747,4.749,0,0,0,0,0,0,120,65,1.48751
0,4.749,4.752,0,0,0,0,0,0,130,84,0.699241
1,4.749,4.752,0,0,0,0,0,0,178,77,0.698287
2,4.749,4.752,0,0,0,0,0,0,120,65,1.48751
0,4.752,4.763,0,0,0,0,0,0,130,84,0.710658
1,4.752,4.763,0,0,0,0,0,0,179,78,0.699242
2,4.752,4.763,0,0,0,0,0,0,120,65,1.48751
0,4.763,4.78,0,0,0,0,0,0,130,84,0.727419
1,4.763,4.78,0,0,0,0,0,0,181,78,0.71066
2,4.763,4.78,0,0,0,0,0,0,126,69,1.51475
0,4.78,4.782,0,0,0,0,0,0,130,84,0.727911
1,4.78,4.782,0,0,0,0,0,0,183,80,0.727416
2,4.78,4.782,0,0,0,0,0,0,126,69,1.51475
0,4.782,4.802,0,0,0,0,0,0,130,84,0.73301
1,4.782,4.802,0,0,0,0,0,0,184,81,0.727913
2,4.782,4.802,0,0,0,0,0,0,126,69,1.51475
0,4.802,4.817,0,0,0,0,0,0,130,84,0.735821
1,4.802,4.817,0,0,0,0,0,0,186,80,0.733007
2,4.802,4.817,0,0,0,0,0,0,126,69,1.51475
0,4.817,4.83,0,0,0,0,0,0,130,84,0.736208
1,4.817,4.83,0,0,0,0,0,0,188,80,0.735823
2,4.817,4.83,0,0,0,0,0,0,138,76,1.52663
0,4.83,4.865,0,0,0,0,0,0,130,84,0.736784
1,4.83,4.865,0,0,0,0,0,0,189,81,0.736206
2,4.83,4.865,0,0,0,0,0,0,138,76,1.52663
0,4.865,4.867,0,0,0,0,0,0,130,84,0.737901
1,4.865,4.867,0,0,0,0,0,0,190,82,0.736786
2,4.865,4.867,0,0,0,0,0,0,138,76,1.52663
0,4.867,4.887,0,0,0,0,0,0,130,84,0.742136
1,4.867,4.887,0,0,0,0,0,0,191,83,0.737903
2,4.867,4.887,0,0,0,0,0,0,138,76,1.52663
0,4.887,4.889,0,0,0,0,0,0,130,84,0.742211
1,4.887,4.889,1,0,0,0,0,0,193,84,0.74214
2,4.887,4.889,0,0,0,0,0,0,138,76,1.52663
0,4.889,4.9,0,0,0,0,0,0,130,84,0.751079
1,4.889,4.9,0,0,0,0,0,0,195,84,0.742214
2,4.889,4.9,0,0,0,0,0,0,144,79,1.51327
0,4.9,4.901,0,0,0,0,0,0,130,84,0.770781
1,4.9,4.901,0,0,0,0,0,0,196,85,0.75108
2,4.9,4.901,0,0,0,0,0,0,144,79,1.51327
0,4.901,4.91,0,0,0,0,0,0,130,84,0.771501
1,4.901,4.91,0,0,0,0,0,0,197,85,0.770782
2,4.901,4.91,0,0,0,0,0,0,144,79,1.51327
0,4.91,4.931,0,0,0,0,0,0,130,84,0.779649
1,4.91,4.931,1,0,0,0,0,0,199,85,0.771501
2,4.91,4.931,0,0,0,0,0,0,150,82,1.50131
0,4.931,4.933,0,0,0,0,0,0,130,84,0.78144
1,4.931,4.933,0,0,0,0,0,0,201,87,0.77965
2,4.931,4.933,0,0,0,0,0,0,150,82,1.50131
0,4.933,4.994,0,0,0,0,0,0,130,84,0.78146
1,4.933,4.994,0,0,0,0,0,0,203,86,0.781437
2,4.933,4.994,0,0,0,0,0,0,150,82,1.50131
0,4.994,5.01,0,0,0,0,0,0,130,84,0.781959
1,4.994,5.01,1,1,0,0,0,0,205,48,0.585786
2,4.994,5.01,0,0,0,0,0,0,162,89,1.51178
0,5.01,5.021,0,0,0,0,0,0,130,84,0.784901
1,5.01,5.021,1,0,0,0,0,0,206,47,0.585787
2,5.01,5.021,1,0,0,0,0,0,210,98,0.585784
0,5.021,5.023,0,0,0,0,0,0,130,83,0.784642
1,5.021,5.023,1,0,0,0,0,0,210,47,0.585785
2,5.021,5.023,1,0,0,0,0,0,216,99,0.585786
0,5.023,5.024,0,0,0,0,0,0,130,82,0.727317
1,5.023,5.024,1,0,0,0,0,0,212,48,0.585786
2,5.023,5.024,1,0,0,0,0,0,216,99,0.585786
0,5.024,5.042,0,0,0,0,0,0,130,81,0.681053
1,5.024,5.042,1,0,0,0,0,0,213,48,0.585785
2,5.024,5.042,1,0,0,0,0,0,216,99,0.585786
0,5.042,5.063,0,0,0,0,0,0,130,80,0.681053
1,5.042,5.063,1,0,0,0,0,0,214,48,0.585786
2,5.042,5.063,1,0,0,0,0,0,216,99,0.585786
0,5.063,5.069,0,0,0,0,0,0,130,80,0.685544
1,5.063,5.069,1,0,0,0,0,0,216,49,0.585786
2,5.063,5.069,1,1,0,0,0,0,216,99,0.585786
0,5.069,5.08,0,0,0,0,0,0,130,80,0.687576
1,5.069,5.08,1,0,0,0,0,0,218,49,0.585787
2,5.069,5.08,1,1,0,0,0,0,222,103,0.585786
0,5.08,5.099,0,0,0,0,0,0,130,80,0.687576
1,5.08,5.099,1,1,0,0,0,0,220,46,0.585786
2,5.08,5.099,1,1,0,0,0,0,228,107,0.585786
0,5.099,5.105,0,0,0,0,0,0,130,80,0.687702
1,5.099,5.105,1,1,0,0,0,0,222,43,0.585785
2,5.099,5.105,1,1,0,0,0,0,240,114,0.585787
0,5.105,5.114,0,0,0,0,0,0,130,80,0.69065
1,5.105,5.114,1,0,0,0,0,0,224,43,0.585786
2,5.105,5.114,1,1,0,0,0,0,249,118,0.585786
0,5.114,5.121,0,0,0,0,0,0,130,79,0.677471
1,5.114,5.121,1,1,0,0,0,0,226,43,0.585786
2,5.114,5.121,1,1,0,0,0,0,255,122,0.585785
0,5.121,5.136,0,0,0,0,0,0,130,78,0.639953
1,5.121,5.136,1,1,0,0,0,0,227,43,0.585786
2,5.121,5.136,1,1,0,0,0,0,255,122,0.585785
0,5.136,5.137,0,0,0,0,0,0,130,78,0.651999
1,5.136,5.137,1,1,0,0,0,0,228,43,0.585785
2,5.136,5.137,1,1,0,0,0,0,255,122,0.585785
0,5.137,5.143,0,0,0,0,0,0,130,78,0.653894
1,5.137,5.143,1,1,0,0,0,0,229,43,0.585786
2,5.137,5.143,1,1,0,0,0,0,255,122,0.585785
0,5.143,5.144,0,0,0,0,0,0,130,78,0.679966
1,5.143,5.144,1,1,0,0,0,0,231,43,0.585787
2,5.143,5.144,1,1,0,0,0,0,258,122,0.585786
0,5.144,5.169,0,0,0,0,0,0,130,77,0.665628
1,5.144,5.169,1,1,0,0,0,0,232,44,0.585784
2,5.144,5.169,1,1,0,0,0,0,258,122,0.585786
0,5.169,5.182,0,0,0,0,0,0,130,77,0.676443
1,5.169,5.182,1,1,0,0,0,0,233,44,0.585786
2,5.169,5.182,1,1,0,0,0,0,258,122,0.585786
0,5.182,5.184,0,0,0,0,0,0,130,77,0.718044
1,5.182,5.184,1,1,0,0,0,0,235,46,0.585785
2,5.182,5.184,1,1,0,0,0,0,258,122,0.585786
0,5.184,5.192,0,0,0,0,0,0,130,77,0.722563
1,5.184,5.192,1,1,0,0,0,0,237,48,0.585787
2,5.184,5.192,1,1,0,0,0,0,258,122,0.585786
0,5.192,5.199,0,0,0,0,0,0,130,76,0.726821
1,5.192,5.199,1,1,0,0,0,0,239,48,0.585783
2,5.192,5.199,1,1,0,0,0,0,264,126,0.585786
0,5.199,5.205,0,0,0,0,0,0,130,76,0.728518
1,5.199,5.205,1,1,0,0,0,0,243,49,0.585786
2,5.199,5.205,1,1,0,0,0,0,267,127,0.585786
0,5.205,5.222,0,0,0,0,0,0,130,76,0.731818
1,5.205,5.222,1,1,0,0,0,0,245,49,0.585785
2,5.205,5.222,1,1,0,0,0,0,273,131,0.585786
0,5.222,5.236,0,0,0,0,0,0,130,75,0.698507
1,5.222,5.236,1,1,0,0,0,0,248,50,0.585784
2,5.222,5.236,1,1,0,0,0,0,279,135,0.585784
0,5.236,5.287,0,0,0,0,0,0,130,75,0.702763
1,5.236,5.287,1,1,0,0,0,0,249,50,0.585786
2,5.236,5.287,1,1,0,0,0,0,279,135,0.585784
0,5.287,5.294,0,0,0,0,0,0,130,75,0.705466
1,5.287,5.294,1,1,0,0,0,0,251,51,0.585787
2,5.287,5.294,1,1,0,0,0,0,279,135,0.585784
0,5.294,5.297,0,0,0,0,0,0,130,75,0.706095
1,5.294,5.297,1,1,0,0,0,0,255,51,0.585786
2,5.294,5.297,1,1,0,0,0,0,288,139,0.585786
0,5.297,5.307,0,0,0,0,0,0,130,75,0.746941
1,5.297,5.307,1,1,0,0,0,0,257,51,0.585785
2,5.297,5.307,2,2,0,0,0,0,291,140,0.585785
0,5.307,5.337,0,0,0,0,0,0,130,75,0.748393
1,5.307,5.337,1,1,0,0,0,0,259,52,0.585787
2,5.307,5.337,2,1,0,0,0,0,291,140,0.585785
0,5.337,5.351,0,0,0,0,0,0,130,75,0.748569
1,5.337,5.351,1,1,0,0,0,0,261,51,0.585786
2,5.337,5.351,2,1,0,0,0,0,294,140,0.585786
0,5.351,5.358,0,0,0,0,0,0,130,75,0.760718
1,5.351,5.358,1,1,0,0,0,0,263,51,0.585784
2,5.351,5.358,2,1,0,0,0,0,297,140,0.585786
0,5.358,5.376,0,0,0,0,0,0,130,75,0.762477
1,5.358,5.376,1,1,0,0,0,0,265,53,0.585787
2,5.358,5.376,2,2,0,0,0,0,297,140,0.585786
0,5.376,5.385,0,0,0,0,0,0,130,75,0.763104
1,5.376,5.385,1,1,0,0,0,0,269,53,0.585786
2,5.376,5.385,2,2,0,0,0,0,309,148,0.585785
0,5.385,5.421,0,0,0,0,0,0,130,75,0.765734
1,5.385,5.421,1,1,0,0,0,0,270,54,0.585787
2,5.385,5.421,2,2,0,0,0,0,309,148,0.585785
0,5.421,5.439,0,0,0,0,0,0,130,75,0.784167
1,5.421,5.439,1,1,0,0,0,0,272,54,0.585787
2,5.421,5.439,2,2,0,0,0,0,315,152,0.585786
0,5.439,5.46,0,0,0,0,0,0,130,75,0.797876
1,5.439,5.46,2,1,0,0,0,0,273,55,0.585784
2,5.439,5.46,2,2,0,0,0,0,315,152,0.585786
0,5.46,5.476,0,0,0,0,0,0,130,75,0.797992
1,5.46,5.476,1,1,0,0,0,0,274,54,0.585786
2,5.46,5.476,2,2,0,0,0,0,315,152,0.585786
0,5.476,5.482,0,0,0,0,0,0,130,75,0.812515
1,5.476,5.482,1,1,0,0,0,0,276,54,0.585785
2,5.476,5.482,2,2,0,0,0,0,327,160,0.585785
0,5.482,5.486,0,0,0,0,0,0,130,74,0.784091
1,5.482,5.486,2,1,0,0,0,0,277,55,0.585784
2,5.482,5.486,2,2,0,0,0,0,327,160,0.585785
0,5.486,5.489,0,0,0,0,0,0,130,74,0.798623
1,5.486,5.489,2,1,0,0,0,0,278,55,0.585785
2,5.486,5.489,2,2,0,0,0,0,327,160,0.585785
0,5.489,5.494,0,0,0,0,0,0,130,74,0.801953
1,5.489,5.494,2,1,0,0,0,0,279,55,0.585786
2,5.489,5.494,2,2,0,0,0,0,327,160,0.585785
0,5.494,5.498,0,0,0,0,0,0,130,74,0.835712
1,5.494,5.498,2,1,0,0,0,0,281,55,0.585785
2,5.494,5.498,2,2,0,0,0,0,333,163,0.585785
0,5.498,5.501,0,0,0,0,0,0,130,73,0.817088
1,5.498,5.501,2,1,0,0,0,0,283,57,0.585787
2,5.498,5.501,2,2,0,0,0,0,333,163,0.585785
0,5.501,5.513,0,0,0,0,0,0,130,73,0.817864
1,5.501,5.513,2,1,0,0,0,0,284,57,0.585788
2,5.501,5.513,2,2,0,0,0,0,333,163,0.585785
0,5.513,5.522,0,0,0,0,0,0,130,73,0.819423
1,5.513,5.522,2,1,0,0,0,0,285,58,0.585788
2,5.513,5.522,3,2,0,0,0,0,333,163,0.585785
0,5.522,5.528,0,0,0,0,0,0,130,73,0.819546
1,5.522,5.528,2,1,0,0,0,0,287,57,0.585787
2,5.522,5.528,2,2,0,0,0,0,339,167,0.585785
0,5.528,5.532,0,0,0,0,0,0,130,73,0.82308
1,5.528,5.532,2,1,0,0,0,0,289,57,0.585787
2,5.528,5.532,3,2,0,0,0,0,345,170,0.585788
0,5.532,5.533,0,0,0,0,0,0,130,73,0.824564
1,5.532,5.533,2,1,0,0,0,0,290,58,0.585785
2,5.532,5.533,3,2,0,0,0,0,345,170,0.585788
0,5.533,5.567,0,0,0,0,0,0,130,73,0.825743
1,5.533,5.567,2,1,0,0,0,0,292,57,0.585784
2,5.533,5.567,3,2,0,0,0,0,348,171,0.585785
0,5.567,5.569,0,0,0,0,0,0,130,72,0.802276
1,5.567,5.569,2,2,0,0,0,0,294,57,0.585788
2,5.567,5.569,3,2,0,0,0,0,351,171,0.585785
0,5.569,5.59,0,0,0,0,0,0,130,72,0.828874
1,5.569,5.59,2,1,0,0,0,0,295,57,0.585783
2,5.569,5.59,3,3,0,0,0,0,351,171,0.585785
0,5.59,5.593,0,0,0,0,0,0,130,72,0.833998
1,5.59,5.593,2,1,0,0,0,0,297,59,0.585786
2,5.59,5.593,3,2,0,0,0,0,351,171,0.585785
0,5.593,5.622,0,0,0,0,0,0,130,72,0.834823
1,5.593,5.622,2,1,0,0,0,0,298,60,0.585786
2,5.593,5.622,3,2,0,0,0,0,351,171,0.585785
0,5.622,5.625,0,0,0,0,0,0,130,71,0.815486
1,5.622,5.625,2,2,0,0,0,0,300,60,0.585783
2,5.622,5.625,3,2,0,0,0,0,357,175,0.585786
0,5.625,5.675,0,0,0,0,0,0,130,71,0.822425
1,5.625,5.675,2,2,0,0,0,0,301,60,0.585786
2,5.625,5.675,3,2,0,0,0,0,357,175,0.585786
0,5.675,5.683,0,0,0,0,0,0,130,71,0.825576
1,5.675,5.683,2,2,0,0,0,0,302,61,0.585786
2,5.675,5.683,3,2,0,0,0,0,357,175,0.585786
0,5.683,5.708,0,0,0,0,0,0,130,71,0.826893
1,5.683,5.708,2,2,0,0,0,0,303,62,0.585789
2,5.683,5.708,3,2,0,0,0,0,357,175,0.585786
0,5.708,5.721,0,0,0,0,0,0,130,70,0.826685
1,5.708,5.721,2,2,0,0,0,0,305,62,0.585786
2,5.708,5.721,3,3,0,0,0,0,363,179,0.585786
0,5.721,5.723,0,0,0,0,0,0,130,70,0.827367
1,5.721,5.723,2,2,0,0,0,0,307,63,0.585788
2,5.721,5.723,3,3,0,0,0,0,363,179,0.585786
0,5.723,5.726,0,0,0,0,0,0,130,70,0.830168
1,5.723,5.726,2,2,0,0,0,0,309,63,0.585786
2,5.723,5.726,3,3,0,0,0,0,369,183,0.585786
0,5.726,5.728,0,0,0,0,0,0,130,70,0.836087
1,5.726,5.728,2,2,0,0,0,0,311,65,0.585786
2,5.726,5.728,3,3,0,0,0,0,369,183,0.585786
0,5.728,5.743,0,0,0,0,0,0,130,70,0.837455
1,5.728,5.743,2,2,0,0,0,0,312,66,0.585786
2,5.728,5.743,3,3,0,0,0,0,369,183,0.585786
0,5.743,5.752,0,0,0,0,0,0,130,70,0.838677
1,5.743,5.752,2,2,0,0,0,0,314,66,0.585784
2,5.743,5.752,4,3,0,0,0,0,375,187,0.585786
0,5.752,5.776,0,0,0,0,0,0,130,70,0.839776
1,5.752,5.776,2,2,0,0,0,0,316,66,0.585783
2,5.752,5.776,3,3,0,0,0,0,381,191,0.585787
0,5.776,5.785,0,0,0,0,0,0,130,69,0.839121
1,5.776,5.785,2,2,0,0,0,0,318,66,0.585786
2,5.776,5.785,4,3,0,0,0,0,387,195,0.585785
0,5.785,5.805,0,0,0,0,0,0,130,69,0.843565
1,5.785,5.805,2,2,0,0,0,0,320,67,0.585785
2,5.785,5.805,4,3,0,0,0,0,387,195,0.585785
0,5.805,5.815,0,0,0,0,0,0,130,69,0.862232
1,5.805,5.815,2,2,0,0,0,0,321,68,0.585786
2,5.805,5.815,4,3,0,0,0,0,387,195,0.585785
0,5.815,5.838,0,0,0,0,0,0,130,69,0.862454
1,5.815,5.838,3,2,0,0,0,0,325,69,0.585787
2,5.815,5.838,4,3,0,0,0,0,393,199,0.585789
0,5.838,5.845,0,0,0,0,0,0,130,69,0.862521
1,5.838,5.845,2,2,0,0,0,0,327,68,0.585786
2,5.838,5.845,4,3,0,0,0,0,399,202,0.585787
0,5.845,5.848,0,0,0,0,0,0,130,68,0.843971
1,5.845,5.848,2,2,0,0,0,0,329,68,0.585789
2,5.845,5.848,4,4,0,0,0,0,405,205,0.585787
0,5.848,5.853,0,0,0,0,0,0,130,68,0.844755
1,5.848,5.853,3,2,0,0,0,0,330,68,0.585789
2,5.848,5.853,4,4,0,0,0,0,405,205,0.585787
0,5.853,5.878,0,0,0,0,0,0,130,68,0.846304
1,5.853,5.878,3,2,0,0,0,0,332,68,0.585786
2,5.853,5.878,4,4,0,0,0,0,408,206,0.585785
0,5.878,5.881,0,0,0,0,0,0,130,68,0.847009
1,5.878,5.881,3,2,0,0,0,0,333,69,0.585788
2,5.878,5.881,4,4,0,0,0,0,408,206,0.585785
0,5.881,5.885,0,0,0,0,0,0,130,68,0.847482
1,5.881,5.885,3,2,0,0,0,0,335,66,0.585789
2,5.881,5.885,4,4,0,0,0,0,411,207,0.585786
0,5.885,5.914,0,0,0,0,0,0,130,68,0.848132
1,5.885,5.914,3,2,0,0,0,0,337,66,0.585786
2,5.885,5.914,5,4,0,0,0,0,423,214,0.585787
0,5.914,5.929,0,0,0,0,0,0,130,68,0.848957
1,5.914,5.929,3,2,0,0,0,0,339,66,0.585788
2,5.914,5.929,5,4,0,0,0,0,426,215,0.585788
0,5.929,5.937,0,0,0,0,0,0,130,68,0.855035
1,5.929,5.937,3,2,0,0,0,0,341,66,0.585791
2,5.929,5.937,5,4,0,0,0,0,432,219,0.585785
0,5.937,5.948,0,0,0,0,0,0,130,68,0.855561
1,5.937,5.948,3,2,0,0,0,0,342,67,0.585788
2,5.937,5.948,5,4,0,0,0,0,432,219,0.585785
0,5.948,5.952,0,0,0,0,0,0,130,68,0.856834
1,5.948,5.952,3,2,0,0,0,0,344,66,0.585786
2,5.948,5.952,5,4,0,0,0,0,435,220,0.585785
0,5.952,5.958,0,0,0,0,0,0,130,68,0.857548
1,5.952,5.958,3,3,0,0,0,0,346,65,0.585787
2,5.952,5.958,5,4,0,0,0,0,441,223,0.585787
0,5.958,5.967,0,0,0,0,0,0,130,68,0.857952
1,5.958,5.967,3,2,0,0,0,0,348,65,0.585786
2,5.958,5.967,5,5,0,0,0,0,444,223,0.585789
0,5.967,5.97,0,0,0,0,0,0,130,68,0.85838
1,5.967,5.97,3,3,0,0,0,0,350,64,0.585786
2,5.967,5.97,5,5,0,0,0,0,450,227,0.585786
0,5.97,5.973,0,0,0,0,0,0,130,68,0.85873
1,5.97,5.973,3,3,0,0,0,0,352,64,0.585786
2,5.97,5.973,6,5,0,0,0,0,453,227,0.585785
0,5.973,5.98,0,0,0,0,0,0,130,68,0.85986
1,5.973,5.98,3,3,0,0,0,0,354,63,0.585787
2,5.973,5.98,6,5,0,0,0,0,459,231,0.585784
0,5.98,6.024,0,0,0,0,0,0,130,67,0.859621
1,5.98,6.024,3,3,0,0,0,0,356,63,0.585786
2,5.98,6.024,6,5,0,0,0,0,465,234,0.585785
0,6.024,6.087,0,0,0,0,0,0,130,67,0.859655
1,6.024,6.087,3,3,0,0,0,0,358,64,0.585784
2,6.024,6.087,6,6,0,0,0,0,465,234,0.585785
0,6.087,6.089,0,0,0,0,0,0,130,67,0.86544
1,6.087,6.089,3,3,0,0,0,0,360,64,0.585786
2,6.087,6.089,6,6,0,0,0,0,468,235,0.585783
0,6.089,6.111,0,0,0,0,0,0,130,67,0.865914
1,6.089,6.111,3,3,0,0,0,0,363,65,0.585786
2,6.089,6.111,6,6,0,0,0,0,474,239,0.585787
0,6.111,6.12,0,0,0,0,0,0,130,67,0.865919
1,6.111,6.12,3,3,0,0,0,0,365,66,0.585786
2,6.111,6.12,7,6,0,0,0,0,474,239,0.585787
0,6.12,6.124,0,0,0,0,0,0,130,67,0.867182
1,6.12,6.124,4,3,0,0,0,0,367,66,0.585784
2,6.12,6.124,7,6,0,0,0,0,480,242,0.585786
0,6.124,6.125,0,0,0,0,0,0,130,67,0.868125
1,6.124,6.125,3,3,0,0,0,0,368,66,0.585789
2,6.124,6.125,7,6,0,0,0,0,480,242,0.585786
0,6.125,6.14,0,0,0,0,0,0,130,66,0.85194
1,6.125,6.14,4,3,0,0,0,0,370,66,0.585783
2,6.125,6.14,8,7,0,0,0,0,486,245,0.585787
0,6.14,6.164,0,0,0,0,0,0,130,66,0.869694
1,6.14,6.164,3,3,0,0,0,0,371,66,0.585783
2,6.14,6.164,7,7,0,0,0,0,486,245,0.585787
0,6.164,6.166,0,0,0,0,0,0,130,66,0.872969
1,6.164,6.166,4,3,0,0,0,0,373,68,0.585784
2,6.164,6.166,7,7,0,0,0,0,486,245,0.585787
0,6.166,6.173,0,0,0,0,0,0,130,66,0.874935
1,6.166,6.173,4,3,0,0,0,0,374,69,0.585788
2,6.166,6.173,7,6,0,0,0,0,486,245,0.585787
0,6.173,6.177,0,0,0,0,0,0,130,66,0.875285
1,6.173,6.177,4,3,0,0,0,0,375,70,0.585787
2,6.173,6.177,7,6,0,0,0,0,486,245,0.585787
0,6.177,6.179,0,0,0,0,0,0,130,66,0.876038
1,6.177,6.179,3,3,0,0,0,0,377,69,0.585788
2,6.177,6.179,7,7,0,0,0,0,492,249,0.585788
0,6.179,6.188,0,0,0,0,0,0,130,65,0.861018
1,6.179,6.188,4,3,0,0,0,0,379,69,0.585788
2,6.179,6.188,8,7,0,0,0,0,498,252,0.585787
0,6.188,6.194,0,0,0,0,0,0,130,65,0.861414
1,6.188,6.194,4,4,0,0,0,0,380,69,0.585788
2,6.188,6.194,7,7,0,0,0,0,498,252,0.585787
0,6.194,6.196,0,0,0,0,0,0,130,64,0.847482
1,6.194,6.196,4,3,0,0,0,0,382,69,0.585786
2,6.194,6.196,8,7,0,0,0,0,504,256,0.585784
0,6.196,6.21,0,0,0,0,0,0,130,64,0.847825
1,6.196,6.21,4,3,0,0,0,0,383,69,0.585787
2,6.196,6.21,8,7,0,0,0,0,504,256,0.585784
0,6.21,6.216,0,0,0,0,0,0,130,64,0.852869
1,6.21,6.216,4,3,0,0,0,0,385,52,0.585787
2,6.21,6.216,7,7,0,0,0,0,507,257,0.585786
0,6.216,6.222,0,0,0,0,0,0,130,64,0.855924
1,6.216,6.222,4,3,0,0,0,0,387,52,0.585786
2,6.216,6.222,10,9,0,0,0,0,561,292,0.585784
0,6.222,6.229,0,0,0,0,0,0,130,63,0.855779
1,6.222,6.229,4,4,0,0,0,0,388,53,0.585785
2,6.222,6.229,10,9,0,0,0,0,561,292,0.585784
0,6.229,6.24,0,0,0,0,0,0,130,62,0.842922
1,6.229,6.24,4,4,0,0,0,0,390,54,0.585787
2,6.229,6.24,10,9,0,0,0,0,561,292,0.585784
0,6.24,6.272,0,0,0,0,0,0,130,62,0.843244
1,6.24,6.272,5,4,1,0,0,0,391,53,0.585783
2,6.24,6.272,10,9,0,0,0,0,561,292,0.585784
0,6.272,6.315,0,0,0,0,0,0,130,62,0.857285
1,6.272,6.315,5,4,1,0,0,0,393,53,0.585783
2,6.272,6.315,11,10,0,0,0,0,567,295,0.585786
0,6.315,6.317,0,0,0,0,0,0,130,62,0.857689
1,6.315,6.317,5,4,0,0,0,0,395,55,0.585788
2,6.315,6.317,11,10,0,0,0,0,567,295,0.585786
0,6.317,6.36,0,0,0,0,0,0,130,62,0.872071
1,6.317,6.36,5,4,0,0,0,0,397,55,0.58579
2,6.317,6.36,11,11,0,0,0,0,573,299,0.585788
0,6.36,6.385,0,0,0,0,0,0,130,62,0.872437
1,6.36,6.385,4,4,0,0,0,0,399,57,0.585785
2,6.36,6.385,11,10,0,0,0,0,573,299,0.585788
0,6.385,6.397,0,0,0,0,0,0,130,62,0.87312
1,6.385,6.397,5,4,0,0,0,0,401,56,0.585785
2,6.385,6.397,11,10,0,0,0,0,579,303,0.585785
0,6.397,6.399,0,0,0,0,0,0,130,62,0.873223
1,6.397,6.399,4,4,0,0,0,0,403,56,0.585784
2,6.397,6.399,11,11,0,0,0,0,585,306,0.585786
0,6.399,6.413,0,0,0,0,0,0,130,62,0.873741
1,6.399,6.413,5,4,0,0,0,0,405,55,0.585787
2,6.399,6.413,12,11,0,0,0,0,591,310,0.585784
0,6.413,6.431,0,0,0,0,0,0,130,61,0.859708
1,6.413,6.431,5,4,0,0,0,0,407,55,0.585787
2,6.413,6.431,12,12,0,0,0,0,594,310,0.585787
0,6.431,6.441,0,0,0,0,0,0,130,61,0.860013
1,6.431,6.441,5,4,0,0,0,0,408,55,0.585789
2,6.431,6.441,12,11,0,0,0,0,594,310,0.585787
0,6.441,6.443,0,0,0,0,0,0,130,61,0.860456
1,6.441,6.443,5,4,0,0,0,0,410,55,0.585782
2,6.441,6.443,12,11,0,0,0,0,600,314,0.585787
0,6.443,6.444,0,0,0,0,0,0,130,61,0.860793
1,6.443,6.444,5,4,0,0,0,0,411,56,0.585783
2,6.443,6.444,13,12,0,0,0,0,600,314,0.585787
0,6.444,6.464,0,0,0,0,0,0,130,61,0.862701
1,6.444,6.464,5,4,0,0,0,0,413,56,0.585785
2,6.444,6.464,14,13,0,0,0,0,606,318,0.58579
0,6.464,6.471,0,0,0,0,0,0,130,61,0.864473
1,6.464,6.471,6,5,0,0,0,0,414,56,0.585788
2,6.464,6.471,12,12,0,0,0,0,609,320,0.585784
0,6.471,6.481,0,0,0,0,0,0,130,61,0.876962
1,6.471,6.481,5,4,0,0,0,0,415,56,0.58579
2,6.471,6.481,13,12,0,0,0,0,612,322,0.585783
0,6.481,6.56,0,0,0,0,0,0,130,60,0.876752
1,6.481,6.56,5,4,0,0,0,0,417,58,0.585785
2,6.481,6.56,13,12,0,0,0,0,612,322,0.585783
0,6.56,6.564,0,0,0,0,0,0,130,60,0.877926
1,6.56,6.564,5,4,0,0,0,0,419,59,0.585784
2,6.56,6.564,13,12,0,0,0,0,612,322,0.585783
0,6.564,6.566,0,0,0,0,0,0,130,59,0.866075
1,6.564,6.566,5,4,0,0,0,0,420,59,0.58579
2,6.564,6.566,13,12,0,0,0,0,615,324,0.585786
0,6.566,6.585,0,0,0,0,0,0,130,59,0.866364
1,6.566,6.585,5,4,0,0,0,0,421,59,0.585787
2,6.566,6.585,13,12,0,0,0,0,615,324,0.585786
0,6.585,6.591,0,0,0,0,0,0,130,59,0.86669
1,6.585,6.591,6,5,1,0,0,0,423,59,0.585791
2,6.585,6.591,14,13,0,0,0,0,621,328,0.585792
0,6.591,6.594,0,0,0,0,0,0,130,59,0.869512
1,6.591,6.594,5,4,0,0,0,0,425,59,0.585789
2,6.591,6.594,14,14,0,0,0,0,627,332,0.585786
0,6.594,6.604,0,0,0,0,0,0,130,59,0.869518
1,6.594,6.604,6,5,0,0,0,0,426,57,0.585782
2,6.594,6.604,14,13,0,0,0,0,627,332,0.585786
0,6.604,6.61,0,0,0,0,0,0,130,59,0.869808
1,6.604,6.61,5,5,0,0,0,0,428,57,0.585788
2,6.604,6.61,15,14,0,0,0,0,636,336,0.58579
0,6.61,6.613,0,0,0,0,0,0,130,59,0.881531
1,6.61,6.613,6,5,0,0,0,0,430,57,0.58579
2,6.61,6.613,15,14,0,0,0,0,642,340,0.585786
0,6.613,6.63,0,0,0,0,0,0,130,58,0.881454
1,6.613,6.63,5,5,0,0,0,0,432,59,0.585789
2,6.613,6.63,15,14,0,0,0,0,642,340,0.585786
0,6.63,6.634,0,0,0,0,0,0,130,58,0.881566
1,6.63,6.634,6,5,0,0,0,0,434,60,0.585786
2,6.63,6.634,16,14,1,0,1,0,642,340,0.585786
0,6.634,6.641,0,0,0,0,0,0,130,58,0.882133
1,6.634,6.641,6,5,0,0,0,0,436,62,0.585789
2,6.634,6.641,15,14,0,0,0,0,642,340,0.585786
0,6.641,6.648,0,0,0,0,0,0,130,58,0.883132
1,6.641,6.648,6,5,0,0,0,0,437,63,0.58579
2,6.641,6.648,15,14,0,0,0,0,642,340,0.585786
0,6.648,6.649,0,0,0,0,0,0,130,58,0.883403
1,6.648,6.649,6,5,0,0,0,0,438,63,0.585791
2,6.648,6.649,16,15,1,0,1,0,645,342,0.585783
0,6.649,6.668,0,0,0,0,0,0,130,58,0.883641
1,6.649,6.668,6,5,0,0,0,0,440,63,0.585788
2,6.649,6.668,15,15,0,0,0,0,651,346,0.585783
0,6.668,6.679,0,0,0,0,0,0,130,58,0.883891
1,6.668,6.679,6,5,0,0,0,0,442,63,0.58579
2,6.668,6.679,17,16,0,0,0,0,657,350,0.585788
0,6.679,6.691,0,0,0,0,0,0,130,58,0.884358
1,6.679,6.691,6,6,0,0,0,0,444,62,0.585789
2,6.679,6.691,17,16,0,0,0,0,663,354,0.585791
0,6.691,6.711,0,0,0,0,0,0,130,58,0.884815
1,6.691,6.711,6,6,0,0,0,0,446,61,0.585788
2,6.691,6.711,17,16,0,0,0,0,666,354,0.585786
0,6.711,6.718,0,0,0,0,0,0,130,58,0.885369
1,6.711,6.718,6,5,0,0,0,0,448,61,0.58579
2,6.711,6.718,17,16,0,0,0,0,672,357,0.585786
0,6.718,6.724,0,0,0,0,0,0,130,57,0.874971
1,6.718,6.724,6,5,0,0,0,0,449,61,0.585787
2,6.718,6.724,17,16,1,0,1,0,675,359,0.585787
0,6.724,6.742,0,0,0,0,0,0,130,57,0.877626
1,6.724,6.742,6,6,0,0,0,0,452,61,0.585788
2,6.724,6.742,18,17,0,0,0,0,681,363,0.585788
0,6.742,6.765,0,0,0,0,0,0,130,57,0.891914
1,6.742,6.765,6,6,0,0,0,0,453,62,0.585788
2,6.742,6.765,17,16,0,0,0,0,681,363,0.585788
0,6.765,6.773,0,0,0,0,0,0,130,57,0.902815
1,6.765,6.773,6,6,0,0,0,0,455,64,0.585788
2,6.765,6.773,18,16,1,0,1,0,681,363,0.585788
0,6.773,6.782,0,0,0,0,0,0,130,57,0.90315
1,6.773,6.782,6,5,0,0,0,0,457,65,0.585781
2,6.773,6.782,17,16,0,0,0,0,681,363,0.585788
0,6.782,6.802,0,0,0,0,0,0,130,56,0.902978
1,6.782,6.802,6,6,0,0,0,0,459,65,0.585787
2,6.782,6.802,19,18,0,0,0,0,687,366,0.585787
0,6.802,6.808,0,0,0,0,0,0,130,56,0.913792
1,6.802,6.808,7,6,0,0,0,0,461,66,0.585787
2,6.802,6.808,18,17,0,0,0,0,687,366,0.585787
0,6.808,6.809,0,0,0,0,0,0,130,55,0.902909
1,6.808,6.809,7,6,0,0,0,0,463,68,0.58579
2,6.808,6.809,18,17,1,0,1,0,687,366,0.585787
0,6.809,6.828,0,0,0,0,0,0,130,55,0.903041
1,6.809,6.828,6,6,0,0,0,0,464,67,0.585789
2,6.809,6.828,19,18,1,0,1,0,687,366,0.585787
0,6.828,6.83,0,0,0,0,0,0,130,55,0.903208
1,6.828,6.83,7,6,0,0,0,0,466,66,0.585785
2,6.828,6.83,19,18,0,0,0,0,693,369,0.585787
0,6.83,6.833,0,0,0,0,0,0,130,54,0.893184
1,6.83,6.833,7,6,0,0,0,0,468,66,0.585785
2,6.83,6.833,19,18,0,0,0,0,699,372,0.58579
0,6.833,6.844,0,0,0,0,0,0,130,53,0.879916
1,6.833,6.844,7,6,0,0,0,0,469,66,0.585786
2,6.833,6.844,21,19,0,0,0,0,699,372,0.58579
0,6.844,6.848,0,0,0,0,0,0,130,53,0.880125
1,6.844,6.848,7,6,0,0,0,0,472,66,0.585787
2,6.844,6.848,20,19,0,0,0,0,705,376,0.585789
0,6.848,6.86,0,0,0,0,0,0,130,53,0.880516
1,6.848,6.86,7,6,0,0,0,0,474,65,0.585786
2,6.848,6.86,20,19,0,0,0,0,711,380,0.585788
0,6.86,6.88,0,0,0,0,0,0,130,53,0.881553
1,6.86,6.88,7,7,0,0,0,0,476,65,0.58579
2,6.86,6.88,21,20,0,0,0,0,717,383,0.585786
0,6.88,6.888,0,0,0,0,0,0,130,53,0.883502
1,6.88,6.888,7,6,0,0,0,0,477,65,0.58579
2,6.88,6.888,21,20,0,0,0,0,720,385,0.585789
0,6.888,6.897,0,0,0,0,0,0,130,52,0.871347
1,6.888,6.897,7,7,0,0,0,0,478,66,0.585786
2,6.888,6.897,21,20,0,0,0,0,720,385,0.585789
0,6.897,6.916,0,0,0,0,0,0,130,51,0.861805
1,6.897,6.916,8,7,1,0,0,0,479,66,0.585791
2,6.897,6.916,21,20,0,0,0,0,720,385,0.585789
0,6.916,6.92,0,0,0,0,0,0,130,51,0.862021
1,6.916,6.92,8,7,0,0,0,0,480,66,0.585787
2,6.916,6.92,20,19,0,0,0,0,720,385,0.585789
0,6.92,6.926,0,0,0,0,0,0,130,51,0.862177
1,6.92,6.926,8,7,0,0,0,0,482,65,0.585785
2,6.92,6.926,23,22,1,0,1,0,726,389,0.585787
0,6.926,6.933,0,0,0,0,0,0,130,51,0.871484
1,6.926,6.933,7,7,0,0,0,0,484,65,0.585791
2,6.926,6.933,22,20,1,0,1,0,732,392,0.585789
0,6.933,6.94,0,0,0,0,0,0,130,50,0.862208
1,6.933,6.94,8,7,0,0,0,0,486,67,0.585793
2,6.933,6.94,22,21,0,0,0,0,732,392,0.585789
0,6.94,6.96,0,0,0,0,0,0,130,50,0.862386
1,6.94,6.96,8,7,0,0,0,0,487,67,0.585792
2,6.94,6.96,22,21,0,0,0,0,732,392,0.585789
0,6.96,6.967,0,0,0,0,0,0,130,49,0.862296
1,6.96,6.967,7,7,0,0,0,0,488,68,0.585785
2,6.96,6.967,21,20,0,0,0,0,732,392,0.585789
0,6.967,6.97,0,0,0,0,0,0,130,49,0.862532
1,6.967,6.97,8,7,0,0,0,0,490,69,0.585784
2,6.967,6.97,21,21,0,0,0,0,732,392,0.585789
0,6.97,6.982,0,0,0,0,0,0,130,49,0.862681
1,6.97,6.982,8,7,0,0,0,0,492,68,0.585789
2,6.97,6.982,23,22,0,0,0,0,738,396,0.585789
0,6.982,6.984,0,0,0,0,0,0,130,48,0.862585
1,6.982,6.984,8,7,0,0,0,0,494,68,0.585786
2,6.982,6.984,22,21,1,0,1,0,744,399,0.585789
0,6.984,6.987,0,0,0,0,0,0,130,48,0.862863
1,6.984,6.987,8,7,0,0,0,0,496,69,0.58579
2,6.984,6.987,22,21,1,0,1,0,744,399,0.585789
0,6.987,6.996,0,0,0,0,0,0,130,47,0.850911
1,6.987,6.996,8,7,0,0,0,0,497,70,0.585783
2,6.987,6.996,23,21,1,0,1,0,744,399,0.585789
0,6.996,7.027,0,0,0,0,0,0,130,46,0.839654
1,6.996,7.027,8,7,0,0,0,0,498,70,0.585785
2,6.996,7.027,23,21,1,0,1,0,744,399,0.585789
0,7.027,7.03,0,0,0,0,0,0,130,45,0.834501
1,7.027,7.03,8,7,1,0,0,0,499,70,0.585788
2,7.027,7.03,23,22,1,0,1,0,744,399,0.585789
0,7.03,7.039,0,0,0,0,0,0,130,45,0.834774
1,7.03,7.039,8,7,1,0,0,0,501,71,0.585783
2,7.03,7.039,23,21,1,0,0,0,744,399,0.585789
0,7.039,7.041,0,0,0,0,0,0,130,45,0.834939
1,7.039,7.041,9,8,1,0,0,0,502,71,0.585788
2,7.039,7.041,23,22,0,0,0,0,744,399,0.585789
0,7.041,7.05,0,0,0,0,0,0,130,45,0.835171
1,7.041,7.05,8,7,1,0,0,0,504,70,0.585786
2,7.041,7.05,25,24,1,0,1,0,750,402,0.585788
0,7.05,7.062,0,0,0,0,0,0,130,45,0.835416
1,7.05,7.062,8,8,0,0,0,0,506,70,0.585787
2,7.05,7.062,24,23,1,0,1,0,756,405,0.585788
0,7.062,7.071,0,0,0,0,0,0,130,44,0.828477
1,7.062,7.071,8,8,0,0,0,0,508,70,0.585788
2,7.062,7.071,25,24,1,0,1,0,762,409,0.585785
0,7.071,7.074,0,0,0,0,0,0,130,43,0.818936
1,7.071,7.074,9,8,0,0,0,0,510,71,0.585787
2,7.071,7.074,27,24,1,0,1,0,762,409,0.585785
0,7.074,7.084,0,0,0,0,0,0,130,43,0.83022
1,7.074,7.084,9,8,0,0,0,0,511,71,0.585787
2,7.074,7.084,25,23,1,0,1,0,762,409,0.585785
0,7.084,7.131,0,0,0,0,0,0,130,43,0.83046
1,7.084,7.131,9,8,1,0,0,0,513,72,0.585789
2,7.084,7.131,25,23,1,0,1,0,762,409,0.585785
0,7.131,7.142,0,0,0,0,0,0,130,43,0.841732
1,7.131,7.142,9,8,1,0,0,0,515,72,0.585784
2,7.131,7.142,25,24,1,0,1,0,768,412,0.585789
0,7.142,7.145,0,0,0,0,0,0,130,43,0.84294
1,7.142,7.145,10,8,1,0,0,0,517,74,0.585786
2,7.142,7.145,26,25,1,0,1,0,768,412,0.585789
0,7.145,7.177,0,0,0,0,0,0,130,43,0.843204
1,7.145,7.177,9,8,1,0,0,0,518,74,0.585789
2,7.145,7.177,26,24,1,0,1,0,771,414,0.585787
0,7.177,7.178,0,0,0,0,0,0,130,43,0.851836
1,7.177,7.178,9,8,0,0,0,0,520,74,0.585787
2,7.177,7.178,27,25,1,0,1,0,777,418,0.585784
0,7.178,7.179,0,0,0,0,0,0,130,43,0.854725
1,7.178,7.179,9,8,0,0,0,0,522,76,0.585785
2,7.178,7.179,26,24,1,0,1,0,777,418,0.585784
0,7.179,7.183,0,0,0,0,0,0,130,43,0.854738
1,7.179,7.183,9,8,1,0,0,0,523,76,0.585788
2,7.179,7.183,27,25,1,0,1,0,777,418,0.585784
0,7.183,7.186,0,0,0,0,0,0,130,43,0.855202
1,7.183,7.186,10,8,1,0,0,0,525,75,0.585791
2,7.183,7.186,27,25,1,0,1,0,780,418,0.585786
0,7.186,7.204,0,0,0,0,0,0,130,43,0.85541
1,7.186,7.204,9,8,0,0,0,0,527,74,0.585783
2,7.186,7.204,28,26,1,0,1,0,783,418,0.585784
0,7.204,7.218,0,0,0,0,0,0,130,43,0.855642
1,7.204,7.218,9,8,0,0,0,0,529,71,0.585791
2,7.204,7.218,28,26,1,0,1,0,789,421,0.58579
0,7.218,7.221,0,0,0,0,0,0,130,42,0.847059
1,7.218,7.221,10,9,0,0,0,0,533,71,0.585785
2,7.218,7.221,29,27,1,0,1,0,804,429,0.585784
0,7.221,7.222,0,0,0,0,0,0,130,41,0.847155
1,7.221,7.222,10,9,0,0,0,0,534,70,0.585787
2,7.221,7.222,30,28,1,0,1,0,804,429,0.585784
0,7.222,7.224,0,0,0,0,0,0,130,40,0.839172
1,7.222,7.224,10,9,1,0,0,0,538,71,0.585787
2,7.222,7.224,30,28,1,0,1,0,810,432,0.585786
0,7.224,7.237,0,0,0,0,0,0,130,39,0.839145
1,7.224,7.237,10,9,0,0,0,0,539,71,0.585786
2,7.224,7.237,31,29,1,0,1,0,810,432,0.585786
0,7.237,7.247,0,0,0,0,0,0,130,39,0.851407
1,7.237,7.247,10,9,1,0,0,0,541,72,0.585787
2,7.237,7.247,31,29,1,0,1,0,810,432,0.585786
0,7.247,7.25,0,0,0,0,0,0,130,38,0.843754
1,7.247,7.25,11,9,1,0,0,0,544,75,0.58579
2,7.247,7.25,32,29,2,0,2,0,810,432,0.585786
0,7.25,7.254,0,0,0,0,0,0,130,38,0.844949
1,7.25,7.254,11,9,1,0,0,0,545,75,0.585789
2,7.25,7.254,34,32,2,0,2,0,810,432,0.585786
0,7.254,7.256,0,0,0,0,0,0,130,38,0.853177
1,7.254,7.256,11,10,1,0,0,0,546,76,0.585785
2,7.254,7.256,31,29,1,0,1,0,810,432,0.585786
0,7.256,7.284,0,0,0,0,0,0,130,37,0.853124
1,7.256,7.284,11,10,1,0,0,0,548,78,0.585783
2,7.256,7.284,30,28,1,0,1,0,810,432,0.585786
0,7.284,7.295,0,0,0,0,0,0,130,36,0.85312
1,7.284,7.295,11,10,1,0,0,0,550,79,0.585789
2,7.284,7.295,31,30,1,0,1,0,810,432,0.585786
0,7.295,7.308,0,0,0,0,0,0,130,35,0.853065
1,7.295,7.308,11,10,1,0,0,0,552,80,0.585786
2,7.295,7.308,31,29,1,0,1,0,810,432,0.585786
0,7.308,7.325,0,0,0,0,0,0,130,35,0.853283
1,7.308,7.325,11,10,1,0,0,0,554,81,0.585788
2,7.308,7.325,31,29,2,0,2,0,810,432,0.585786
0,7.325,7.344,0,0,0,0,0,0,130,35,0.855289
1,7.325,7.344,12,10,1,0,0,0,556,81,0.585788
2,7.325,7.344,31,29,1,0,1,0,816,436,0.585789
0,7.344,7.351,0,0,0,0,0,0,130,35,0.855798
1,7.344,7.351,11,10,0,0,0,0,557,81,0.585787
2,7.344,7.351,32,30,1,0,1,0,816,436,0.585789
0,7.351,7.37,0,0,0,0,0,0,130,35,0.855869
1,7.351,7.37,12,10,1,0,0,0,559,81,0.585786
2,7.351,7.37,34,31,2,0,2,0,822,439,0.585787
0,7.37,7.38,0,0,0,0,0,0,130,35,0.85624
1,7.37,7.38,11,10,1,0,0,0,561,80,0.585786
2,7.37,7.38,32,30,1,0,1,0,825,440,0.585788
0,7.38,7.405,0,0,0,0,0,0,130,34,0.856239
1,7.38,7.405,12,10,1,0,0,0,563,80,0.585783
2,7.38,7.405,33,31,1,0,1,0,831,443,0.585788
0,7.405,7.406,0,0,0,0,0,0,130,34,0.856482
1,7.405,7.406,12,11,0,0,0,0,565,81,0.585784
2,7.405,7.406,33,31,1,0,1,0,831,443,0.585788
0,7.406,7.41,0,0,0,0,0,0,130,34,0.857819
1,7.406,7.41,12,10,1,0,0,0,567,81,0.585786
2,7.406,7.41,35,33,1,0,1,0,837,447,0.585787
0,7.41,7.421,0,0,0,0,0,0,130,34,0.865827
1,7.41,7.421,12,11,1,0,0,0,568,81,0.585786
2,7.41,7.421,33,31,1,0,1,0,840,449,0.585786
0,7.421,7.443,0,0,0,0,0,0,130,33,0.858242
1,7.421,7.443,12,11,0,0,0,0,570,83,0.585788
2,7.421,7.443,33,31,1,0,1,0,840,449,0.585786
0,7.443,7.445,0,0,0,0,0,0,130,33,0.859469
1,7.443,7.445,12,11,1,0,0,0,571,83,0.585789
2,7.443,7.445,33,31,1,0,1,0,840,449,0.585786
0,7.445,7.453,0,0,0,0,0,0,130,33,0.859674
1,7.445,7.453,12,11,1,0,0,0,572,83,0.585788
2,7.445,7.453,39,38,1,0,1,0,843,451,0.585788
0,7.453,7.461,0,0,0,0,0,0,130,32,0.867163
1,7.453,7.461,12,11,1,0,0,0,574,83,0.585786
2,7.453,7.461,34,32,1,0,1,0,849,455,0.585789
0,7.461,7.462,0,0,0,0,0,0,130,32,0.867342
1,7.461,7.462,12,11,1,0,0,0,578,86,0.585789
2,7.461,7.462,34,32,1,0,1,0,849,455,0.585789
0,7.462,7.481,0,0,0,0,0,0,130,31,0.857916
1,7.462,7.481,13,11,1,0,0,0,580,86,0.585787
2,7.462,7.481,35,34,1,0,1,0,855,458,0.000107336
0,7.481,7.489,0,0,0,0,0,0,130,31,0.857994
1,7.481,7.489,13,12,1,0,0,0,583,85,0.585785
2,7.481,7.489,36,34,1,0,1,0,861,462,0.000137867
0,7.489,7.497,0,0,0,0,0,0,130,31,0.868571
1,7.489,7.497,13,11,1,0,0,0,585,85,0.585788
2,7.489,7.497,38,36,1,0,1,0,867,466,0.58579
0,7.497,7.498,0,0,0,0,0,0,130,31,0.869545
1,7.497,7.498,16,14,1,0,0,0,587,87,0.585791
2,7.497,7.498,38,35,2,0,2,0,867,466,0.58579
0,7.498,7.5,0,0,0,0,0,0,130,31,0.869674
1,7.498,7.5,14,12,1,1,0,0,588,86,0.585789
2,7.498,7.5,43,41,2,0,2,0,870,468,0.585787
0,7.5,7.509,0,0,0,0,0,0,130,30,0.860208
1,7.5,7.509,13,12,0,0,0,0,590,86,0.585793
2,7.5,7.509,37,35,1,0,1,0,876,471,0.585789
0,7.509,7.513,0,0,0,0,0,0,130,30,0.8604
1,7.509,7.513,14,12,1,0,0,0,591,86,0.58579
2,7.509,7.513,37,35,1,0,1,0,876,471,0.585789
0,7.513,7.519,0,0,0,0,0,0,130,30,0.867779
1,7.513,7.519,13,12,1,0,0,0,593,86,0.585788
2,7.513,7.519,39,37,2,0,2,0,882,475,0.585795
0,7.519,7.536,0,0,0,0,0,0,130,29,0.867917
1,7.519,7.536,13,12,1,0,0,0,595,88,0.586999
2,7.519,7.536,39,36,1,0,1,0,882,475,0.585795
0,7.536,7.537,0,0,0,0,0,0,130,29,0.8683
1,7.536,7.537,14,12,1,0,0,0,599,88,0.587006
2,7.536,7.537,40,37,2,0,2,0,888,479,0.587006
0,7.537,7.551,0,0,0,0,0,0,130,28,0.86819
1,7.537,7.551,13,12,1,0,0,0,601,88,0.585786
2,7.537,7.551,38,37,1,0,1,0,891,479,0.58579
0,7.551,7.554,0,0,0,0,0,0,130,28,0.868365
1,7.551,7.554,14,13,1,0,0,0,603,89,0.585792
2,7.551,7.554,39,37,1,0,1,0,891,479,0.58579
0,7.554,7.564,0,0,0,0,0,0,130,28,0.868374
1,7.554,7.564,15,13,1,1,0,0,605,89,0.585796
2,7.554,7.564,41,38,2,0,2,0,897,483,0.58579
0,7.564,7.567,0,0,0,0,0,0,130,28,0.870694
1,7.564,7.567,15,13,1,0,0,0,607,89,0.585792
2,7.564,7.567,45,43,1,0,1,0,903,487,0.585785
0,7.567,7.574,0,0,0,0,0,0,130,28,0.870851
1,7.567,7.574,14,13,1,0,0,0,608,90,0.585787
2,7.567,7.574,43,40,2,0,2,0,903,487,0.585785
0,7.574,7.576,0,0,0,0,0,0,130,28,0.87129
1,7.574,7.576,15,13,1,1,0,0,610,90,0.58579
2,7.574,7.576,43,41,2,0,2,0,909,491,0.585791
0,7.576,7.583,0,0,0,0,0,0,130,28,0.881597
1,7.576,7.583,14,13,1,0,0,0,611,90,0.585793
2,7.576,7.583,42,39,3,0,3,0,912,493,0.585785
0,7.583,7.589,0,0,0,0,0,0,130,27,0.872477
1,7.583,7.589,15,13,1,0,0,0,613,92,0.585789
2,7.583,7.589,42,40,1,0,1,0,912,493,0.585785
0,7.589,7.59,0,0,0,0,0,0,130,26,0.865103
1,7.589,7.59,15,13,1,0,0,0,614,92,0.585788
2,7.589,7.59,41,39,1,0,1,0,912,493,0.585785
0,7.59,7.596,0,0,0,0,0,0,130,26,0.865398
1,7.59,7.596,15,14,1,0,0,0,615,91,0.585784
2,7.59,7.596,41,39,1,0,1,0,912,493,0.585785
0,7.596,7.602,0,0,0,0,0,0,130,26,0.872579
1,7.596,7.602,15,13,1,0,0,0,617,91,0.585787
2,7.596,7.602,44,41,2,0,2,0,918,496,0.585792
0,7.602,7.604,0,0,0,0,0,0,130,26,0.87392
1,7.602,7.604,15,14,1,0,0,0,619,93,0.58579
2,7.602,7.604,44,42,2,0,2,0,918,496,0.585792
0,7.604,7.606,0,0,0,0,0,0,130,26,0.883827
1,7.604,7.606,15,14,1,0,0,0,620,94,0.585789
2,7.604,7.606,44,41,2,0,1,0,918,496,0.585792
0,7.606,7.608,0,0,0,0,0,0,130,26,0.883823
1,7.606,7.608,16,14,1,0,0,0,622,96,0.585787
2,7.606,7.608,45,42,3,0,3,0,918,496,0.585792
0,7.608,7.618,0,0,0,0,0,0,130,25,0.875014
1,7.608,7.618,15,13,1,0,0,0,624,98,0.585795
2,7.608,7.618,45,43,2,0,2,0,918,496,0.585792
0,7.618,7.619,0,0,0,0,0,0,130,25,0.8753
1,7.618,7.619,16,14,1,0,0,0,625,97,0.585791
2,7.618,7.619,44,41,2,0,2,0,918,496,0.585792
0,7.619,7.631,0,0,0,0,0,0,130,24,0.866903
1,7.619,7.631,15,14,1,0,0,0,627,97,0.585788
2,7.619,7.631,44,41,2,0,2,0,924,499,0.585793
0,7.631,7.638,0,0,0,0,0,0,130,23,0.866578
1,7.631,7.638,16,14,1,0,0,0,628,97,0.585788
2,7.631,7.638,44,42,2,0,2,0,924,499,0.585793
0,7.638,7.647,0,0,0,0,0,0,130,23,0.867243
1,7.638,7.647,17,15,1,0,1,0,630,98,0.585793
2,7.638,7.647,44,41,2,0,2,0,924,499,0.585793
0,7.647,7.649,0,0,0,0,0,0,130,23,0.867536
1,7.647,7.649,17,15,1,0,1,0,631,97,0.585792
2,7.647,7.649,44,42,2,0,2,0,927,501,0.585785
0,7.649,7.652,0,0,0,0,0,0,130,23,0.867608
1,7.649,7.652,16,14,1,0,0,0,633,97,0.585788
2,7.649,7.652,47,45,1,0,1,0,933,504,0.585788
0,7.652,7.658,0,0,0,0,0,0,130,23,0.874945
1,7.652,7.658,16,14,1,0,0,0,635,97,0.585793
2,7.652,7.658,48,45,2,0,2,0,939,507,0.000121589
0,7.658,7.659,0,0,0,0,0,0,130,23,0.875431
1,7.658,7.659,16,15,1,0,0,0,637,99,0.585789
2,7.658,7.659,46,43,2,0,2,0,939,507,0.000121589
0,7.659,7.676,0,0,0,0,0,0,130,22,0.87677
1,7.659,7.676,17,15,1,1,0,0,638,99,0.585789
2,7.659,7.676,48,45,2,0,2,0,942,509,0.00011942
0,7.676,7.678,0,0,0,0,0,0,130,21,0.869028
1,7.676,7.678,17,16,1,0,0,0,641,100,0.585786
2,7.676,7.678,49,46,2,0,2,0,942,509,0.00011942
0,7.678,7.682,0,0,0,0,0,0,130,21,0.869216
1,7.678,7.682,17,15,1,0,0,0,644,100,0.58579
2,7.678,7.682,48,45,2,0,2,0,948,513,0.585786
0,7.682,7.686,0,0,0,0,0,0,130,20,0.861543
1,7.682,7.686,17,16,1,0,0,0,646,100,0.585788
2,7.682,7.686,49,47,2,0,2,0,954,517,0.585793
0,7.686,7.687,0,0,0,0,0,0,130,19,0.853923
1,7.686,7.687,17,16,1,0,0,0,647,100,0.585788
2,7.686,7.687,50,47,2,0,2,0,954,517,0.585793
0,7.687,7.689,0,0,0,0,0,0,130,19,0.85555
1,7.687,7.689,18,16,1,1,0,0,648,100,0.585789
2,7.687,7.689,51,48,3,0,3,0,954,517,0.585793
0,7.689,7.695,0,0,0,0,0,0,130,19,0.855719
1,7.689,7.695,18,15,2,1,0,0,649,100,0.585792
2,7.689,7.695,48,46,1,0,1,0,954,517,0.585793
0,7.695,7.702,0,0,0,0,0,0,130,19,0.856288
1,7.695,7.702,18,15,2,1,0,0,651,100,0.585783
2,7.695,7.702,48,45,3,0,3,0,960,520,0.585784
0,7.702,7.704,0,0,0,0,0,0,130,19,0.856453
1,7.702,7.704,18,16,1,0,0,0,652,100,0.58579
2,7.702,7.704,49,47,1,0,1,0,963,522,0.585787
0,7.704,7.71,0,0,0,0,0,0,130,18,0.85626
1,7.704,7.71,18,17,1,0,0,0,654,100,0.585788
2,7.704,7.71,49,47,1,0,1,0,969,526,0.585789
0,7.71,7.727,0,0,0,0,0,0,130,17,0.856065
1,7.71,7.727,18,16,1,0,0,0,656,101,0.58579
2,7.71,7.727,51,48,2,0,2,0,969,526,0.585789
0,7.727,7.738,0,0,0,0,0,0,130,16,0.848716
1,7.727,7.738,18,17,1,0,0,0,658,102,0.585791
2,7.727,7.738,50,47,2,0,2,0,969,526,0.585789
0,7.738,7.743,0,0,0,0,0,0,130,15,0.848147
1,7.738,7.743,17,16,1,0,0,0,659,102,0.585788
2,7.738,7.743,48,46,2,0,2,0,969,526,0.585789
0,7.743,7.744,0,0,0,0,0,0,130,15,0.848404
1,7.743,7.744,18,17,1,0,0,0,661,102,0.585785
2,7.743,7.744,51,49,2,0,2,0,969,526,0.585789
0,7.744,7.747,0,0,0,0,0,0,130,14,0.841761
1,7.744,7.747,19,17,1,0,0,0,663,102,0.58579
2,7.744,7.747,50,48,2,0,2,0,972,526,0.585789
0,7.747,7.75,0,0,0,0,0,0,130,13,0.834801
1,7.747,7.75,18,16,1,0,0,0,665,102,0.585788
2,7.747,7.75,52,50,2,0,2,0,975,528,0.585784
0,7.75,7.751,0,0,0,0,0,0,130,12,0.827875
1,7.75,7.751,19,17,1,0,0,0,666,102,0.585786
2,7.75,7.751,52,49,2,0,2,0,975,528,0.585784
0,7.751,7.762,0,0,0,0,0,0,130,12,0.82788
1,7.751,7.762,18,17,1,0,0,0,667,102,0.585787
2,7.751,7.762,51,48,2,0,2,0,975,528,0.585784
0,7.762,7.765,0,0,0,0,0,0,130,12,0.836542
1,7.762,7.765,19,17,1,0,0,0,669,104,0.585786
2,7.762,7.765,50,48,1,0,1,0,975,528,0.585784
0,7.765,7.774,0,0,0,0,0,0,130,11,0.836343
1,7.765,7.774,19,17,1,0,0,0,671,106,0.585785
2,7.765,7.774,51,49,1,0,1,0,975,528,0.585784
0,7.774,7.787,0,0,0,0,0,0,130,11,0.836433
1,7.774,7.787,19,17,1,0,0,0,673,106,0.585791
2,7.774,7.787,53,51,2,0,2,0,975,528,0.585784
0,7.787,7.788,0,0,0,0,0,0,130,11,0.842945
1,7.787,7.788,19,17,1,0,0,0,675,103,0.585784
2,7.787,7.788,52,49,2,0,2,0,978,528,0.585784
0,7.788,7.793,0,0,0,0,0,0,130,11,0.851743
1,7.788,7.793,19,17,1,0,0,0,681,105,0.585791
2,7.788,7.793,55,52,2,0,2,0,996,539,0.58579
0,7.793,7.795,0,0,0,0,0,0,130,11,0.852228
1,7.793,7.795,21,20,1,0,0,0,683,107,0.585791
2,7.793,7.795,55,52,2,0,2,0,996,539,0.58579
0,7.795,7.797,0,0,0,0,0,0,130,11,0.85223
1,7.795,7.797,20,18,1,0,0,0,684,107,0.585786
2,7.795,7.797,57,54,2,0,2,0,999,541,0.585788
0,7.797,7.8,0,0,0,0,0,0,130,11,0.852435
1,7.797,7.8,20,19,1,0,0,0,685,108,0.585787
2,7.797,7.8,55,53,2,0,2,0,999,541,0.585788
0,7.8,7.806,0,0,0,0,0,0,130,11,0.855105
1,7.8,7.806,20,18,1,0,0,0,687,108,0.585791
2,7.8,7.806,58,56,2,0,2,0,1005,544,0.000100413
0,7.806,7.807,0,0,0,0,0,0,130,11,0.855378
1,7.806,7.807,21,19,2,0,0,0,688,109,0.585786
2,7.806,7.807,59,57,2,0,2,0,1005,544,0.000100413
0,7.807,7.812,0,0,0,0,0,0,130,10,0.854927
1,7.807,7.812,21,19,1,0,0,0,690,111,0.585788
2,7.807,7.812,64,60,4,0,4,0,1005,544,0.000100413
0,7.812,7.823,0,0,0,0,0,0,130,9,0.848024
1,7.812,7.823,22,19,2,0,1,0,692,112,0.585788
2,7.812,7.823,58,54,3,0,3,0,1005,544,0.000100413
0,7.823,7.83,0,0,0,0,0,0,130,8,0.847491
1,7.823,7.83,20,19,1,0,0,0,693,112,0.58579
2,7.823,7.83,57,55,2,0,2,0,1005,544,0.000100413
0,7.83,7.844,0,0,0,0,0,0,130,8,0.847634
1,7.83,7.844,23,21,1,0,0,0,695,112,0.585787
2,7.83,7.844,56,54,2,0,2,0,1005,544,0.000100413
0,7.844,7.845,0,0,0,0,0,0,130,8,0.84783
1,7.844,7.845,21,19,1,0,0,0,697,112,0.58579
2,7.844,7.845,57,54,2,0,2,0,1011,548,0.585788
0,7.845,7.85,0,0,0,0,0,0,130,8,0.850582
1,7.845,7.85,21,19,2,0,0,0,699,112,0.585782
2,7.845,7.85,56,54,2,0,2,0,1017,551,0.00014212
0,7.85,7.862,0,0,0,0,0,0,130,7,0.844033
1,7.85,7.862,21,19,1,0,0,0,700,113,0.585788
2,7.85,7.862,58,55,3,0,3,0,1017,551,0.00014212
0,7.862,7.866,0,0,0,0,0,0,130,7,0.850394
1,7.862,7.866,21,19,1,0,0,0,701,113,0.585789
2,7.862,7.866,59,56,3,0,3,0,1017,551,0.00014212
0,7.866,7.87,0,0,0,0,0,0,130,7,0.856798
1,7.866,7.87,21,19,2,0,1,0,703,115,0.585785
2,7.866,7.87,58,55,2,0,2,0,1017,551,0.00014212
0,7.87,7.876,0,0,0,0,0,0,130,7,0.857129
1,7.87,7.876,21,19,1,0,0,0,705,116,0.585784
2,7.87,7.876,57,55,2,0,2,0,1017,551,0.00014212
0,7.876,7.884,0,0,0,0,0,0,130,7,0.857542
1,7.876,7.884,22,19,2,0,1,0,707,116,0.585785
2,7.876,7.884,58,56,2,0,2,0,1020,551,0.00012622
0,7.884,7.885,0,0,0,0,0,0,130,7,0.857736
1,7.884,7.885,22,21,1,0,0,0,709,118,0.585784
2,7.884,7.885,60,57,2,0,2,0,1020,551,0.00012622
0,7.885,7.89,0,0,0,0,0,0,130,7,0.858109
1,7.885,7.89,23,20,2,0,0,0,711,118,0.585785
2,7.885,7.89,61,59,2,0,2,0,1026,556,0.585789
0,7.89,7.897,0,0,0,0,0,0,130,6,0.857529
1,7.89,7.897,21,19,2,0,0,0,713,120,0.585788
2,7.89,7.897,61,59,1,0,1,0,1026,556,0.585789
0,7.897,7.902,0,0,0,0,0,0,130,6,0.865892
1,7.897,7.902,21,19,1,0,0,0,715,121,0.585787
2,7.897,7.902,61,58,2,0,2,0,1026,556,0.585789
0,7.902,7.906,0,0,0,0,0,0,130,6,0.868724
1,7.902,7.906,22,20,1,0,0,0,717,123,0.585785
2,7.902,7.906,63,60,2,0,2,0,1026,556,0.585789
0,7.906,7.908,0,0,0,0,0,0,130,6,0.870784
1,7.906,7.908,22,21,1,0,0,0,718,124,0.585788
2,7.906,7.908,63,60,3,0,3,0,1026,556,0.585789
0,7.908,7.927,0,0,0,0,0,0,130,6,0.870929
1,7.908,7.927,22,20,2,0,0,0,719,125,0.585789
2,7.908,7.927,64,60,3,0,3,0,1026,556,0.585789
0,7.927,7.931,0,0,0,0,0,0,130,6,0.870988
1,7.927,7.931,22,20,1,0,0,0,721,125,0.585786
2,7.927,7.931,61,57,3,0,3,0,1032,559,0.000106753
0,7.931,7.938,0,0,0,0,0,0,130,6,0.871251
1,7.931,7.938,23,21,1,0,0,0,722,125,0.585786
2,7.931,7.938,62,59,2,0,2,0,1032,559,0.000106753
0,7.938,7.944,0,0,0,0,0,0,130,6,0.871685
1,7.938,7.944,23,21,2,0,1,0,724,123,0.585782
2,7.938,7.944,67,64,2,0,2,0,1038,563,0.585792
0,7.944,7.945,0,0,0,0,0,0,130,5,0.864212
1,7.944,7.945,23,21,1,0,0,0,728,123,0.585787
2,7.944,7.945,67,64,3,0,3,0,1050,569,0.585787
0,7.945,7.948,0,0,0,0,0,0,130,5,0.864386
1,7.945,7.948,23,21,1,0,0,0,729,123,0.585788
2,7.945,7.948,67,65,2,0,2,0,1050,569,0.585787
0,7.948,7.95,0,0,0,0,0,0,130,4,0.857293
1,7.948,7.95,23,21,2,0,1,0,731,123,0.585785
2,7.948,7.95,67,64,2,0,2,0,1056,573,0.585785
0,7.95,7.951,0,0,0,0,0,0,130,3,0.856955
1,7.95,7.951,24,22,2,0,0,0,732,123,0.585788
2,7.95,7.951,75,72,3,0,3,0,1056,573,0.585785
0,7.951,7.952,0,0,0,0,0,0,130,3,0.859382
1,7.951,7.952,25,22,2,1,1,0,734,124,0.58579
2,7.951,7.952,66,63,2,0,2,0,1056,573,0.585785
0,7.952,7.953,0,0,0,0,0,0,130,3,0.85963
1,7.952,7.953,24,22,2,1,1,0,735,125,0.585786
2,7.952,7.953,69,64,3,0,3,0,1056,573,0.585785
0,7.953,7.96,0,0,0,0,0,0,130,2,0.852818
1,7.953,7.96,24,22,2,1,0,0,737,127,0.585786
2,7.953,7.96,68,65,3,0,3,0,1056,573,0.585785
0,7.96,7.964,0,0,0,0,0,0,130,2,0.854181
1,7.96,7.964,27,24,2,1,0,0,738,127,0.585785
2,7.96,7.964,66,63,3,0,3,0,1056,573,0.585785
0,7.964,7.966,0,0,0,0,0,0,130,2,0.861482
1,7.964,7.966,25,23,2,1,0,0,739,128,0.585787
2,7.964,7.966,66,62,3,0,3,0,1056,573,0.585785
0,7.966,7.967,0,0,0,0,0,0,130,2,0.862858
1,7.966,7.967,26,23,2,1,0,0,741,130,0.585792
2,7.966,7.967,67,63,3,0,3,0,1056,573,0.585785
0,7.967,7.975,0,0,0,0,0,0,130,2,0.863113
1,7.967,7.975,27,24,3,1,1,0,742,130,0.585785
2,7.967,7.975,66,62,3,0,3,0,1056,573,0.585785
0,7.975,7.976,0,0,0,0,0,0,130,2,0.864196
1,7.975,7.976,26,23,2,1,1,0,744,130,0.58579
2,7.975,7.976,72,68,3,0,3,0,1062,574,0.000111492
0,7.976,7.978,0,0,0,0,0,0,130,2,0.864387
1,7.976,7.978,25,23,2,0,0,0,745,130,0.585789
2,7.976,7.978,71,67,3,0,3,0,1062,574,0.000111492
0,7.978,7.979,0,0,0,0,0,0,130,2,0.86456
1,7.978,7.979,26,23,2,1,1,0,747,130,0.585782
2,7.978,7.979,70,67,3,0,3,0,1068,578,0.000119609
0,7.979,7.981,0,0,0,0,0,0,130,1,0.857645
1,7.979,7.981,27,24,2,0,1,0,749,130,0.585791
2,7.979,7.981,73,70,2,0,2,0,1074,582,0.000168447
0,7.981,7.996,0,0,0,0,0,0,130,1,0.859237
1,7.981,7.996,26,24,2,0,0,0,750,130,0.585785
2,7.981,7.996,71,67,3,0,3,0,1074,582,0.000168447
0,7.996,7.996,0,0,0,0,0,0,130,1,0.859237
1,7.996,7.996,26,24,2,0,1,0,751,131,0.585786
2,7.996,7.996,72,69,2,0,2,0,1074,582,0.000168447
